category,V,J,r_exp,Q,reuse
Business and administration,125,2841,37,41,11.856
Clerical support,104,185,37,34,12.933
Science and engineering,94,802,37,30,11.787
ICT,89,1774,37,29,12.652
"Legal, social and cultural",66,163,37,21,11.394
Sales and customer service,59,756,37,19,10.712
Elementary and manual labour,50,527,37,16,12.96
Personal and protective services,45,334,37,15,11.511
Health and care,40,407,37,13,11.35
Management (production and services),31,758,31,12,11.774
Skilled trades,19,779,19,12,12.0
Education,15,87,15,12,12.0
