judge,arm,family,kb,n_queries,ndcg_mean,ndcg_sd,ndcg_ci_lo,ndcg_ci_hi,gamma,gamma_ci_lo,gamma_ci_hi,p_vs_bn,ties,spr_0,spr_1,spr_2
qwen3-8b,B_only,B_only,--,245,0.27497513111366656,0.17581510765736202,0.25285026106803077,0.29710000115930235,,,,,37.23019245781337,0.5193836025600957,0.4582520917322831,0.41621757378052604
qwen3-8b,Placebo,Placebo,--,245,0.24833282311456528,0.15177044625028496,0.22923377386448737,0.2674318723646432,-0.026642307999101316,-0.03510431384923873,-0.018180302148963896,0.08899555022248887,0.2625867932523103,0.5143377871390521,0.4749981224347776,0.4225925926326385
qwen3-8b,SY_raw,SY_raw,--,245,0.4319771888736678,0.27145771673765273,0.39781649139020503,0.4661378863571306,0.15700205776000126,0.13113380113622322,0.1828703143837793,0.006599670016499175,32.127208741532584,0.5442914365145398,0.4182353261311081,0.32686281343171714
qwen3-8b,SY_esco,SY,esco,245,0.5382326177598769,0.26344109400923943,0.5050807456181856,0.5713844899015681,0.26325748664621024,0.2329434621743747,0.2935715111180458,0.006599670016499175,28.76065512024013,0.5529050191609683,0.3772906588650555,0.2532551162246591
qwen3-8b,KB_neighbor_esco,KB_neighbor,esco,245,0.5766747714231243,0.2385371613885604,0.5466568522175573,0.6066926906286912,0.3016996403094576,0.271999863433116,0.33139941718579924,0.006599670016499175,2.0297221274389305,0.5704264372871389,0.31663916757580607,0.18402980983978204
qwen3-8b,KB_hop_esco,KB_hop,esco,245,0.5925067897345924,0.24949764196281268,0.5611095851446565,0.6239039943245283,0.3175316586209258,0.28729027967971604,0.34777303756213557,0.006599670016499175,2.721567476801757,0.5669903052991149,0.32839497260384237,0.1832930153558864
qwen3-8b,Transformer_esco,Transformer,esco,245,0.6264909966961867,0.2419045477198897,0.5960493199081979,0.6569326734841755,0.35151586558252007,0.32175944096686726,0.3812722901981729,0.006599670016499175,0.30414778440665513,0.5769605595030072,0.3041257128246776,0.15486269387850207
qwen3-8b,SY_onet,SY,onet,245,0.49757771476867135,0.2565442061606452,0.46529375864058486,0.5298616708967578,0.22260258365500474,0.19443536051909333,0.25076980679091615,0.006599670016499175,28.509683180024524,0.5512664649289353,0.39328263759720705,0.2626242293203508
qwen3-8b,KB_neighbor_onet,KB_neighbor,onet,245,0.5476432693396053,0.24459701129179431,0.5168627683889792,0.5784237702902314,0.27266813822593866,0.243121483036061,0.3022147934158163,0.006599670016499175,1.4497910931615285,0.5630573522751797,0.3432797090344232,0.20732870980896642
qwen3-8b,KB_hop_onet,KB_hop,onet,245,0.5754142445444183,0.24773196499227415,0.5442392357261442,0.6065892533626923,0.3004391134307517,0.26967408595619774,0.33120414090530564,0.006599670016499175,5.26135554072595,0.5681505599457133,0.33336427703915367,0.19440608564589004
qwen3-8b,Transformer_onet,Transformer,onet,245,0.6035767901435574,0.24316730870709571,0.5729762053805209,0.6341773749065939,0.3286016590298908,0.29810672329904736,0.35909659476073424,0.006599670016499175,0.34210956946909277,0.5727241669011,0.32164161144486814,0.16255739988886136
qwen3-8b,Transformer_raw,Transformer_raw,--,245,0.6731753292842968,0.22602919898343873,0.6447314331899197,0.7016192253786739,0.3982001981706301,0.3687450288347942,0.42765536750646604,0.006599670016499175,0.49498672992394266,0.5786793401562026,0.30071235560777715,0.150681065125938
qwen3-14b,B_only,B_only,--,247,0.3178726954505264,0.18732656026319905,0.2943957893384027,0.34134960156265004,,,,,37.23019245781337,0.519800468938654,0.4706784966126548,0.42052384505545276
qwen3-14b,Placebo,Placebo,--,247,0.30582448342513496,0.17601351594652384,0.2837653969691866,0.3278835698810833,-0.012048212025391495,-0.021706292343934324,-0.0023901317068486666,1.0,0.2625867932523103,0.5159238161927788,0.4818300003630472,0.4293094745297106
qwen3-14b,SY_raw,SY_raw,--,247,0.5050258007005641,0.27794506041924777,0.47019203191399694,0.5398595694871313,0.18715310525003767,0.1588978396087531,0.21540837089132225,0.006599670016499175,32.127208741532584,0.5595819651855665,0.4200492897901958,0.32262271359282985
qwen3-14b,SY_esco,SY,esco,247,0.618106985935644,0.25926134560173203,0.5856147741497509,0.650599197721537,0.30023429048511746,0.2709595455054942,0.3295090354647407,0.006599670016499175,28.76065512024013,0.5728813444794327,0.395965900716023,0.21777297806850035
qwen3-14b,KB_neighbor_esco,KB_neighbor,esco,247,0.644690096661831,0.2535194149373225,0.6129174986184914,0.6764626947051705,0.3268174012113045,0.2965215449651533,0.35711325745745565,0.006599670016499175,2.0297221274389305,0.5923447776733152,0.3518191785089793,0.17525168556672338
qwen3-14b,KB_hop_esco,KB_hop,esco,247,0.6604815902194815,0.24569576725357292,0.6296894993816746,0.6912736810572884,0.3426088947689551,0.31323217924098623,0.371985610296924,0.006599670016499175,2.721567476801757,0.5883927921758865,0.35953570900666276,0.1685120355038003
qwen3-14b,Transformer_esco,Transformer,esco,247,0.6939377733192386,0.22611667719694623,0.6655994533635449,0.7222760932749323,0.376065077868712,0.34839951737940106,0.403730638358023,0.006599670016499175,0.30414778440665513,0.6015977456244498,0.34258485594755494,0.13952587846333356
qwen3-14b,SY_onet,SY,onet,247,0.5680435818762103,0.25723168593338497,0.5358057394088294,0.6002814243435912,0.25017088642568386,0.22197603450588038,0.27836573834548733,0.006599670016499175,28.509683180024524,0.5676625180455064,0.4047991183713971,0.2526855832192034
qwen3-14b,KB_neighbor_onet,KB_neighbor,onet,247,0.6133308609243171,0.24664680013507662,0.5824195808501456,0.6442421409984886,0.29545816547379056,0.26593750998942106,0.32497882095816005,0.006599670016499175,1.4497910931615285,0.583703721527822,0.3544372981610971,0.18829796138166383
qwen3-14b,KB_hop_onet,KB_hop,onet,247,0.6316127609344985,0.25107459038919355,0.6001465632024463,0.6630789586665506,0.3137400654839722,0.28458261373799276,0.34289751722995165,0.006599670016499175,5.26135554072595,0.5873789595191795,0.3701503263480103,0.1848938634353862
qwen3-14b,Transformer_onet,Transformer,onet,247,0.673267167612598,0.22736582430965405,0.6447722969283579,0.701762038296838,0.3553944721620715,0.32688120906348533,0.38390773526065763,0.006599670016499175,0.34210956946909277,0.5966291688865113,0.3464717000033138,0.151198639036916
qwen3-14b,Transformer_raw,Transformer_raw,--,247,0.756894098818962,0.19601714694779312,0.7323280354225385,0.7814601622153854,0.4390214033684354,0.41218910341235926,0.4658537033245116,0.006599670016499175,0.49498672992394266,0.6063241137107221,0.32985160106112466,0.12709991177346167
ministral-3-14b,B_only,B_only,--,235,0.2454355945223751,0.16877074594887284,0.22374540559883346,0.26712578344591675,,,,,37.23019245781337,0.514067846496177,0.475765545320814,0.3701659898589519
ministral-3-14b,Placebo,Placebo,--,235,0.21877738983867134,0.13945137322172652,0.2008552872028101,0.2366994924745326,-0.026658204683703755,-0.03759677925813178,-0.015719630109275733,0.215989200539973,0.2625867932523103,0.5107339012644607,0.4824803395591911,0.3981570224701525
ministral-3-14b,SY_raw,SY_raw,--,235,0.41243241920633955,0.2830375355541361,0.3760568164079575,0.4488080220047216,0.16699682468396437,0.1385196196778119,0.19547402969011685,0.006599670016499175,32.127208741532584,0.5349447700175306,0.4184868570607229,0.292923469324444
ministral-3-14b,SY_esco,SY,esco,235,0.5133611849495657,0.27197974182320706,0.47840671490587366,0.5483156549932577,0.26792559042719055,0.23546545318757883,0.30038572766680227,0.006599670016499175,28.76065512024013,0.5421736544228551,0.38105635608464244,0.2311668502025723
ministral-3-14b,KB_neighbor_esco,KB_neighbor,esco,235,0.5589553573548177,0.26583163596862464,0.524791033593635,0.5931196811160004,0.3135197628324427,0.27756315590605657,0.34947636975882884,0.006599670016499175,2.0297221274389305,0.5516084393244957,0.3272542820679297,0.17847478147874762
ministral-3-14b,KB_hop_esco,KB_hop,esco,235,0.5633135295051654,0.2722607360245043,0.5283229464652411,0.5983041125450898,0.31787793498279027,0.28255892045988856,0.35319694950569197,0.006599670016499175,2.721567476801757,0.5487646858447454,0.3333677440156689,0.19115732987186984
ministral-3-14b,Transformer_esco,Transformer,esco,235,0.603184537408108,0.2655774819846154,0.5690528771745872,0.6373161976416287,0.35774894288573295,0.32332764670084463,0.39217023907062126,0.006599670016499175,0.30414778440665513,0.5570233881073049,0.2971002250500566,0.15535385134763535
ministral-3-14b,SY_onet,SY,onet,235,0.4881378940714543,0.2723150722881547,0.45314032780812036,0.5231354603347882,0.24270229954907915,0.21040289448877375,0.27500170460938456,0.006599670016499175,28.509683180024524,0.5395943085438795,0.3791306641397868,0.2505487157711822
ministral-3-14b,KB_neighbor_onet,KB_neighbor,onet,235,0.5195137815205402,0.2698797160502722,0.4848292039603065,0.5541983590807739,0.27407818699816516,0.2380284929438492,0.3101278810524811,0.006599670016499175,1.4497910931615285,0.5438089216177338,0.34300405724776856,0.21235573718309633
ministral-3-14b,KB_hop_onet,KB_hop,onet,235,0.54427599702983,0.2683983791502034,0.5097817988925304,0.5787701951671296,0.29884040250745497,0.2650450850757827,0.3326357199391272,0.006599670016499175,5.26135554072595,0.5507338777900186,0.3321367970648838,0.19396496721537781
ministral-3-14b,Transformer_onet,Transformer,onet,235,0.5962690830701333,0.2664182158640296,0.5620293728509566,0.63050879328931,0.3508334885477582,0.3155921577180891,0.3860748193774273,0.006599670016499175,0.34210956946909277,0.5536745853514182,0.31487105796136156,0.17241259750875373
ministral-3-14b,Transformer_raw,Transformer_raw,--,235,0.6533813002119548,0.24798974850562938,0.6215099917932662,0.6852526086306435,0.4079457056895796,0.373365913468987,0.4425254979101722,0.006599670016499175,0.49498672992394266,0.5572006539839574,0.29420374068664146,0.15422614338684104
