judge,arm_a,arm_b,diff_mean,p_raw,p_holm
qwen3-8b,Placebo,B_only,-0.026642307999101316,0.008899555022248887,0.08899555022248887
qwen3-8b,SY_raw,B_only,0.15700205776000126,9.99950002499875e-05,0.006599670016499175
qwen3-8b,SY_raw,Placebo,0.18364436575910256,0.000199990000499975,0.006599670016499175
qwen3-8b,SY_esco,B_only,0.26325748664621024,9.99950002499875e-05,0.006599670016499175
qwen3-8b,SY_esco,Placebo,0.28989979464531157,0.000199990000499975,0.006599670016499175
qwen3-8b,SY_esco,SY_raw,0.10625542888620897,9.99950002499875e-05,0.006599670016499175
qwen3-8b,KB_neighbor_esco,B_only,0.3016996403094576,9.99950002499875e-05,0.006599670016499175
qwen3-8b,KB_neighbor_esco,Placebo,0.32834194830855895,0.000199990000499975,0.006599670016499175
qwen3-8b,KB_neighbor_esco,SY_raw,0.14469758254945642,9.99950002499875e-05,0.006599670016499175
qwen3-8b,KB_neighbor_esco,SY_esco,0.038442153663247436,0.000199990000499975,0.006599670016499175
qwen3-8b,KB_hop_esco,B_only,0.3175316586209258,9.99950002499875e-05,0.006599670016499175
qwen3-8b,KB_hop_esco,Placebo,0.3441739666200271,0.000199990000499975,0.006599670016499175
qwen3-8b,KB_hop_esco,SY_raw,0.1605296008609245,9.99950002499875e-05,0.006599670016499175
qwen3-8b,KB_hop_esco,SY_esco,0.05427417197471555,9.99950002499875e-05,0.006599670016499175
qwen3-8b,KB_hop_esco,KB_neighbor_esco,0.01583201831146812,0.12359382030898455,0.7415629218539073
qwen3-8b,Transformer_esco,B_only,0.35151586558252007,9.99950002499875e-05,0.006599670016499175
qwen3-8b,Transformer_esco,Placebo,0.37815817358162146,0.000199990000499975,0.006599670016499175
qwen3-8b,Transformer_esco,SY_raw,0.19451380782251887,9.99950002499875e-05,0.006599670016499175
qwen3-8b,Transformer_esco,SY_esco,0.0882583789363099,9.99950002499875e-05,0.006599670016499175
qwen3-8b,Transformer_esco,KB_neighbor_esco,0.049816225273062474,9.99950002499875e-05,0.006599670016499175
qwen3-8b,Transformer_esco,KB_hop_esco,0.033984206961594356,0.000999950002499875,0.014999250037498125
qwen3-8b,SY_onet,B_only,0.22260258365500474,9.99950002499875e-05,0.006599670016499175
qwen3-8b,SY_onet,Placebo,0.24924489165410607,0.000199990000499975,0.006599670016499175
qwen3-8b,SY_onet,SY_raw,0.0656005258950035,0.000199990000499975,0.006599670016499175
qwen3-8b,SY_onet,SY_esco,-0.04065490299120547,0.007899605019749012,0.08689565521723913
qwen3-8b,SY_onet,KB_neighbor_esco,-0.07909705665445292,9.99950002499875e-05,0.006599670016499175
qwen3-8b,SY_onet,KB_hop_esco,-0.09492907496592101,9.99950002499875e-05,0.006599670016499175
qwen3-8b,SY_onet,Transformer_esco,-0.1289132819275154,9.99950002499875e-05,0.006599670016499175
qwen3-8b,KB_neighbor_onet,B_only,0.27266813822593866,9.99950002499875e-05,0.006599670016499175
qwen3-8b,KB_neighbor_onet,Placebo,0.29931044622504,0.000199990000499975,0.006599670016499175
qwen3-8b,KB_neighbor_onet,SY_raw,0.11566608046593743,9.99950002499875e-05,0.006599670016499175
qwen3-8b,KB_neighbor_onet,SY_esco,0.009410651579728462,0.5266736663166842,1.0
qwen3-8b,KB_neighbor_onet,KB_neighbor_esco,-0.029031502083518963,0.047497625118744065,0.3447827608619569
qwen3-8b,KB_neighbor_onet,KB_hop_esco,-0.04486352039498709,0.0018999050047497626,0.026598670066496674
qwen3-8b,KB_neighbor_onet,Transformer_esco,-0.07884772735658145,9.99950002499875e-05,0.006599670016499175
qwen3-8b,KB_neighbor_onet,SY_onet,0.05006555457093394,9.99950002499875e-05,0.006599670016499175
qwen3-8b,KB_hop_onet,B_only,0.3004391134307517,9.99950002499875e-05,0.006599670016499175
qwen3-8b,KB_hop_onet,Placebo,0.32708142142985297,0.000199990000499975,0.006599670016499175
qwen3-8b,KB_hop_onet,SY_raw,0.1434370556707504,9.99950002499875e-05,0.006599670016499175
qwen3-8b,KB_hop_onet,SY_esco,0.037181626784541455,0.012299385030748462,0.11069446527673615
qwen3-8b,KB_hop_onet,KB_neighbor_esco,-0.00126052687870597,0.928453577321134,1.0
qwen3-8b,KB_hop_onet,KB_hop_esco,-0.017092545190174085,0.20658967051647417,0.8263586820658967
qwen3-8b,KB_hop_onet,Transformer_esco,-0.05107675215176845,0.000199990000499975,0.006599670016499175
qwen3-8b,KB_hop_onet,SY_onet,0.07783652977574694,9.99950002499875e-05,0.006599670016499175
qwen3-8b,KB_hop_onet,KB_neighbor_onet,0.027770975204813003,0.006999650017499125,0.08399580020998951
qwen3-8b,Transformer_onet,B_only,0.3286016590298908,9.99950002499875e-05,0.006599670016499175
qwen3-8b,Transformer_onet,Placebo,0.3552439670289921,0.000199990000499975,0.006599670016499175
qwen3-8b,Transformer_onet,SY_raw,0.17159960126988955,9.99950002499875e-05,0.006599670016499175
qwen3-8b,Transformer_onet,SY_esco,0.06534417238368057,9.99950002499875e-05,0.006599670016499175
qwen3-8b,Transformer_onet,KB_neighbor_esco,0.026902018720433143,0.043097845107744615,0.3447827608619569
qwen3-8b,Transformer_onet,KB_hop_esco,0.01107000040896503,0.4086795660216989,1.0
qwen3-8b,Transformer_onet,Transformer_esco,-0.02291420655262933,0.12539373031348433,0.7415629218539073
qwen3-8b,Transformer_onet,SY_onet,0.10599907537488604,9.99950002499875e-05,0.006599670016499175
qwen3-8b,Transformer_onet,KB_neighbor_onet,0.05593352080395211,9.99950002499875e-05,0.006599670016499175
qwen3-8b,Transformer_onet,KB_hop_onet,0.028162545599139114,0.0024998750062496873,0.03249837508124594
qwen3-8b,Transformer_raw,B_only,0.3982001981706301,9.99950002499875e-05,0.006599670016499175
qwen3-8b,Transformer_raw,Placebo,0.42484250616973146,0.000199990000499975,0.006599670016499175
qwen3-8b,Transformer_raw,SY_raw,0.2411981404106289,9.99950002499875e-05,0.006599670016499175
qwen3-8b,Transformer_raw,SY_esco,0.13494271152441994,9.99950002499875e-05,0.006599670016499175
qwen3-8b,Transformer_raw,KB_neighbor_esco,0.0965005578611725,9.99950002499875e-05,0.006599670016499175
qwen3-8b,Transformer_raw,KB_hop_esco,0.08066853954970438,9.99950002499875e-05,0.006599670016499175
qwen3-8b,Transformer_raw,Transformer_esco,0.04668433258811002,0.0002999850007499625,0.006599670016499175
qwen3-8b,Transformer_raw,SY_onet,0.1755976145156254,9.99950002499875e-05,0.006599670016499175
qwen3-8b,Transformer_raw,KB_neighbor_onet,0.12553205994469147,9.99950002499875e-05,0.006599670016499175
qwen3-8b,Transformer_raw,KB_hop_onet,0.09776108473987848,9.99950002499875e-05,0.006599670016499175
qwen3-8b,Transformer_raw,Transformer_onet,0.06959853914073935,9.99950002499875e-05,0.006599670016499175
qwen3-14b,Placebo,B_only,-0.012048212025391495,0.27338633068346585,1.0
qwen3-14b,SY_raw,B_only,0.18715310525003767,9.99950002499875e-05,0.006599670016499175
qwen3-14b,SY_raw,Placebo,0.19920131727542914,0.000199990000499975,0.006599670016499175
qwen3-14b,SY_esco,B_only,0.30023429048511746,9.99950002499875e-05,0.006599670016499175
qwen3-14b,SY_esco,Placebo,0.3122825025105091,0.000199990000499975,0.006599670016499175
qwen3-14b,SY_esco,SY_raw,0.1130811852350799,9.99950002499875e-05,0.006599670016499175
qwen3-14b,KB_neighbor_esco,B_only,0.3268174012113045,9.99950002499875e-05,0.006599670016499175
qwen3-14b,KB_neighbor_esco,Placebo,0.3388656132366961,0.000199990000499975,0.006599670016499175
qwen3-14b,KB_neighbor_esco,SY_raw,0.13966429596126687,9.99950002499875e-05,0.006599670016499175
qwen3-14b,KB_neighbor_esco,SY_esco,0.02658311072618697,0.009499525023748812,0.11399430028498575
qwen3-14b,KB_hop_esco,B_only,0.3426088947689551,9.99950002499875e-05,0.006599670016499175
qwen3-14b,KB_hop_esco,Placebo,0.35465710679434664,0.000199990000499975,0.006599670016499175
qwen3-14b,KB_hop_esco,SY_raw,0.15545578951891745,9.99950002499875e-05,0.006599670016499175
qwen3-14b,KB_hop_esco,SY_esco,0.04237460428383752,9.99950002499875e-05,0.006599670016499175
qwen3-14b,KB_hop_esco,KB_neighbor_esco,0.01579149355765056,0.1256937153142343,0.7541622918854057
qwen3-14b,Transformer_esco,B_only,0.376065077868712,9.99950002499875e-05,0.006599670016499175
qwen3-14b,Transformer_esco,Placebo,0.38811328989410343,0.000199990000499975,0.006599670016499175
qwen3-14b,Transformer_esco,SY_raw,0.18891197261867432,9.99950002499875e-05,0.006599670016499175
qwen3-14b,Transformer_esco,SY_esco,0.0758307873835944,9.99950002499875e-05,0.006599670016499175
qwen3-14b,Transformer_esco,KB_neighbor_esco,0.04924767665740745,0.000199990000499975,0.006599670016499175
qwen3-14b,Transformer_esco,KB_hop_esco,0.03345618309975689,9.99950002499875e-05,0.006599670016499175
qwen3-14b,SY_onet,B_only,0.25017088642568386,9.99950002499875e-05,0.006599670016499175
qwen3-14b,SY_onet,Placebo,0.2622190984510754,0.000199990000499975,0.006599670016499175
qwen3-14b,SY_onet,SY_raw,0.06301778117564623,9.99950002499875e-05,0.006599670016499175
qwen3-14b,SY_onet,SY_esco,-0.0500634040594337,0.0002999850007499625,0.006599670016499175
qwen3-14b,SY_onet,KB_neighbor_esco,-0.07664651478562065,9.99950002499875e-05,0.006599670016499175
qwen3-14b,SY_onet,KB_hop_esco,-0.09243800834327122,9.99950002499875e-05,0.006599670016499175
qwen3-14b,SY_onet,Transformer_esco,-0.1258941914430281,9.99950002499875e-05,0.006599670016499175
qwen3-14b,KB_neighbor_onet,B_only,0.29545816547379056,9.99950002499875e-05,0.006599670016499175
qwen3-14b,KB_neighbor_onet,Placebo,0.30750637749918214,0.000199990000499975,0.006599670016499175
qwen3-14b,KB_neighbor_onet,SY_raw,0.10830506022375297,9.99950002499875e-05,0.006599670016499175
qwen3-14b,KB_neighbor_onet,SY_esco,-0.004776125011326945,0.7341632918354082,1.0
qwen3-14b,KB_neighbor_onet,KB_neighbor_esco,-0.03135923573751391,0.0311984400779961,0.311984400779961
qwen3-14b,KB_neighbor_onet,KB_hop_esco,-0.047150729295164465,0.00039998000099995,0.006599670016499175
qwen3-14b,KB_neighbor_onet,Transformer_esco,-0.08060691239492138,9.99950002499875e-05,0.006599670016499175
qwen3-14b,KB_neighbor_onet,SY_onet,0.045287279048106734,9.99950002499875e-05,0.006599670016499175
qwen3-14b,KB_hop_onet,B_only,0.3137400654839722,9.99950002499875e-05,0.006599670016499175
qwen3-14b,KB_hop_onet,Placebo,0.3257882775093637,0.000199990000499975,0.006599670016499175
qwen3-14b,KB_hop_onet,SY_raw,0.12658696023393443,9.99950002499875e-05,0.006599670016499175
qwen3-14b,KB_hop_onet,SY_esco,0.013505774998854555,0.34518274086295686,1.0
qwen3-14b,KB_hop_onet,KB_neighbor_esco,-0.01307733572733241,0.36448177591120445,1.0
qwen3-14b,KB_hop_onet,KB_hop_esco,-0.02886882928498297,0.024998750062496876,0.2749862506874656
qwen3-14b,KB_hop_onet,Transformer_esco,-0.06232501238473987,9.99950002499875e-05,0.006599670016499175
qwen3-14b,KB_hop_onet,SY_onet,0.06356917905828824,9.99950002499875e-05,0.006599670016499175
qwen3-14b,KB_hop_onet,KB_neighbor_onet,0.018281900010181505,0.06899655017249137,0.551972401379931
qwen3-14b,Transformer_onet,B_only,0.3553944721620715,9.99950002499875e-05,0.006599670016499175
qwen3-14b,Transformer_onet,Placebo,0.36744268418746295,0.000199990000499975,0.006599670016499175
qwen3-14b,Transformer_onet,SY_raw,0.1682413669120338,9.99950002499875e-05,0.006599670016499175
qwen3-14b,Transformer_onet,SY_esco,0.05516018167695392,0.000199990000499975,0.006599670016499175
qwen3-14b,Transformer_onet,KB_neighbor_esco,0.02857707095076695,0.04999750012499375,0.4499775011249438
qwen3-14b,Transformer_onet,KB_hop_esco,0.012785577393116384,0.32058397080145995,1.0
qwen3-14b,Transformer_onet,Transformer_esco,-0.02067060570664051,0.10709464526773661,0.7496625168741563
qwen3-14b,Transformer_onet,SY_onet,0.10522358573638761,9.99950002499875e-05,0.006599670016499175
qwen3-14b,Transformer_onet,KB_neighbor_onet,0.059936306688280865,9.99950002499875e-05,0.006599670016499175
qwen3-14b,Transformer_onet,KB_hop_onet,0.04165440667809936,0.0002999850007499625,0.006599670016499175
qwen3-14b,Transformer_raw,B_only,0.4390214033684354,9.99950002499875e-05,0.006599670016499175
qwen3-14b,Transformer_raw,Placebo,0.45106961539382684,0.000199990000499975,0.006599670016499175
qwen3-14b,Transformer_raw,SY_raw,0.2518682981183977,9.99950002499875e-05,0.006599670016499175
qwen3-14b,Transformer_raw,SY_esco,0.13878711288331783,9.99950002499875e-05,0.006599670016499175
qwen3-14b,Transformer_raw,KB_neighbor_esco,0.11220400215713085,9.99950002499875e-05,0.006599670016499175
qwen3-14b,Transformer_raw,KB_hop_esco,0.0964125085994803,9.99950002499875e-05,0.006599670016499175
qwen3-14b,Transformer_raw,Transformer_esco,0.0629563254997234,9.99950002499875e-05,0.006599670016499175
qwen3-14b,Transformer_raw,SY_onet,0.18885051694275148,9.99950002499875e-05,0.006599670016499175
qwen3-14b,Transformer_raw,KB_neighbor_onet,0.14356323789464479,9.99950002499875e-05,0.006599670016499175
qwen3-14b,Transformer_raw,KB_hop_onet,0.12528133788446327,9.99950002499875e-05,0.006599670016499175
qwen3-14b,Transformer_raw,Transformer_onet,0.08362693120636391,9.99950002499875e-05,0.006599670016499175
ministral-3-14b,Placebo,B_only,-0.026658204683703755,0.0223988800559972,0.215989200539973
ministral-3-14b,SY_raw,B_only,0.16699682468396437,9.99950002499875e-05,0.006599670016499175
ministral-3-14b,SY_raw,Placebo,0.19365502936766812,0.000199990000499975,0.006599670016499175
ministral-3-14b,SY_esco,B_only,0.26792559042719055,9.99950002499875e-05,0.006599670016499175
ministral-3-14b,SY_esco,Placebo,0.2945837951108943,0.000199990000499975,0.006599670016499175
ministral-3-14b,SY_esco,SY_raw,0.10092876574322625,9.99950002499875e-05,0.006599670016499175
ministral-3-14b,KB_neighbor_esco,B_only,0.3135197628324427,9.99950002499875e-05,0.006599670016499175
ministral-3-14b,KB_neighbor_esco,Placebo,0.34017796751614643,0.000199990000499975,0.006599670016499175
ministral-3-14b,KB_neighbor_esco,SY_raw,0.14652293814847825,9.99950002499875e-05,0.006599670016499175
ministral-3-14b,KB_neighbor_esco,SY_esco,0.04559417240525204,0.0004999750012499375,0.007499625018749062
ministral-3-14b,KB_hop_esco,B_only,0.31787793498279027,9.99950002499875e-05,0.006599670016499175
ministral-3-14b,KB_hop_esco,Placebo,0.344536139666494,0.000199990000499975,0.006599670016499175
ministral-3-14b,KB_hop_esco,SY_raw,0.15088111029882587,9.99950002499875e-05,0.006599670016499175
ministral-3-14b,KB_hop_esco,SY_esco,0.04995234455559964,9.99950002499875e-05,0.006599670016499175
ministral-3-14b,KB_hop_esco,KB_neighbor_esco,0.004358172150347592,0.7114644267786611,1.0
ministral-3-14b,Transformer_esco,B_only,0.35774894288573295,9.99950002499875e-05,0.006599670016499175
ministral-3-14b,Transformer_esco,Placebo,0.3844071475694367,0.000199990000499975,0.006599670016499175
ministral-3-14b,Transformer_esco,SY_raw,0.19075211820176857,9.99950002499875e-05,0.006599670016499175
ministral-3-14b,Transformer_esco,SY_esco,0.08982335245854231,9.99950002499875e-05,0.006599670016499175
ministral-3-14b,Transformer_esco,KB_neighbor_esco,0.04422918005329028,0.00039998000099995,0.006599670016499175
ministral-3-14b,Transformer_esco,KB_hop_esco,0.03987100790294271,0.0002999850007499625,0.006599670016499175
ministral-3-14b,SY_onet,B_only,0.24270229954907915,9.99950002499875e-05,0.006599670016499175
ministral-3-14b,SY_onet,Placebo,0.2693605042327829,0.000199990000499975,0.006599670016499175
ministral-3-14b,SY_onet,SY_raw,0.07570547486511478,9.99950002499875e-05,0.006599670016499175
ministral-3-14b,SY_onet,SY_esco,-0.02522329087811144,0.12539373031348433,0.752362381880906
ministral-3-14b,SY_onet,KB_neighbor_esco,-0.07081746328336348,0.0002999850007499625,0.006599670016499175
ministral-3-14b,SY_onet,KB_hop_esco,-0.07517563543371107,9.99950002499875e-05,0.006599670016499175
ministral-3-14b,SY_onet,Transformer_esco,-0.11504664333665378,9.99950002499875e-05,0.006599670016499175
ministral-3-14b,KB_neighbor_onet,B_only,0.27407818699816516,9.99950002499875e-05,0.006599670016499175
ministral-3-14b,KB_neighbor_onet,Placebo,0.3007363916818689,0.000199990000499975,0.006599670016499175
ministral-3-14b,KB_neighbor_onet,SY_raw,0.10708136231420073,9.99950002499875e-05,0.006599670016499175
ministral-3-14b,KB_neighbor_onet,SY_esco,0.006152596570974499,0.7093645317734113,1.0
ministral-3-14b,KB_neighbor_onet,KB_neighbor_esco,-0.039441575834277535,0.018199090045497725,0.20018999050047498
ministral-3-14b,KB_neighbor_onet,KB_hop_esco,-0.04379974798462513,0.0050997450127493625,0.07139643017849108
ministral-3-14b,KB_neighbor_onet,Transformer_esco,-0.08367075588756784,9.99950002499875e-05,0.006599670016499175
ministral-3-14b,KB_neighbor_onet,SY_onet,0.03137588744908594,0.006199690015499225,0.08059597020148992
ministral-3-14b,KB_hop_onet,B_only,0.29884040250745497,9.99950002499875e-05,0.006599670016499175
ministral-3-14b,KB_hop_onet,Placebo,0.32549860719115864,0.000199990000499975,0.006599670016499175
ministral-3-14b,KB_hop_onet,SY_raw,0.13184357782349052,9.99950002499875e-05,0.006599670016499175
ministral-3-14b,KB_hop_onet,SY_esco,0.030914812080264312,0.0471976401179941,0.3303834808259587
ministral-3-14b,KB_hop_onet,KB_neighbor_esco,-0.01467936032498773,0.35938203089845505,1.0
ministral-3-14b,KB_hop_onet,KB_hop_esco,-0.01903753247533532,0.21488925553722313,1.0
ministral-3-14b,KB_hop_onet,Transformer_esco,-0.05890854037827802,0.000199990000499975,0.006599670016499175
ministral-3-14b,KB_hop_onet,SY_onet,0.056138102958375756,9.99950002499875e-05,0.006599670016499175
ministral-3-14b,KB_hop_onet,KB_neighbor_onet,0.024762215509289816,0.0215989200539973,0.215989200539973
ministral-3-14b,Transformer_onet,B_only,0.3508334885477582,9.99950002499875e-05,0.006599670016499175
ministral-3-14b,Transformer_onet,Placebo,0.37749169323146187,0.000199990000499975,0.006599670016499175
ministral-3-14b,Transformer_onet,SY_raw,0.18383666386379383,9.99950002499875e-05,0.006599670016499175
ministral-3-14b,Transformer_onet,SY_esco,0.08290789812056755,9.99950002499875e-05,0.006599670016499175
ministral-3-14b,Transformer_onet,KB_neighbor_esco,0.03731372571531551,0.015499225038748062,0.18599070046497673
ministral-3-14b,Transformer_onet,KB_hop_esco,0.03295555356496792,0.029398530073496326,0.2351882405879706
ministral-3-14b,Transformer_onet,Transformer_esco,-0.006915454337974778,0.624768761561922,1.0
ministral-3-14b,Transformer_onet,SY_onet,0.10813118899867898,9.99950002499875e-05,0.006599670016499175
ministral-3-14b,Transformer_onet,KB_neighbor_onet,0.07675530154959305,9.99950002499875e-05,0.006599670016499175
ministral-3-14b,Transformer_onet,KB_hop_onet,0.05199308604030325,9.99950002499875e-05,0.006599670016499175
ministral-3-14b,Transformer_raw,B_only,0.4079457056895796,9.99950002499875e-05,0.006599670016499175
ministral-3-14b,Transformer_raw,Placebo,0.4346039103732834,0.000199990000499975,0.006599670016499175
ministral-3-14b,Transformer_raw,SY_raw,0.24094888100561532,9.99950002499875e-05,0.006599670016499175
ministral-3-14b,Transformer_raw,SY_esco,0.14002011526238906,9.99950002499875e-05,0.006599670016499175
ministral-3-14b,Transformer_raw,KB_neighbor_esco,0.09442594285713703,9.99950002499875e-05,0.006599670016499175
ministral-3-14b,Transformer_raw,KB_hop_esco,0.09006777070678942,9.99950002499875e-05,0.006599670016499175
ministral-3-14b,Transformer_raw,Transformer_esco,0.05019676280384675,9.99950002499875e-05,0.006599670016499175
ministral-3-14b,Transformer_raw,SY_onet,0.16524340614050054,9.99950002499875e-05,0.006599670016499175
ministral-3-14b,Transformer_raw,KB_neighbor_onet,0.13386751869141456,9.99950002499875e-05,0.006599670016499175
ministral-3-14b,Transformer_raw,KB_hop_onet,0.10910530318212476,9.99950002499875e-05,0.006599670016499175
ministral-3-14b,Transformer_raw,Transformer_onet,0.05711221714182153,9.99950002499875e-05,0.006599670016499175
