judge,arm,family,kb,grade,src_mean,ci_lo,ci_hi,n_queries
qwen3-8b,Placebo,Placebo,--,0,0.0050458154210436595,0.003608477003607694,0.0064831538384796245,254
qwen3-8b,Placebo,Placebo,--,1,-0.016746030702494506,-0.022737386444742994,-0.010754674960246017,239
qwen3-8b,Placebo,Placebo,--,2,-0.006375018852112377,-0.01449543146575355,0.0017453937615287962,209
qwen3-8b,SY_raw,SY_raw,--,0,-0.024907833954443983,-0.03030871178507226,-0.019506956123815707,254
qwen3-8b,SY_raw,SY_raw,--,1,0.04001676560117505,0.027300115431602046,0.052733415770748054,239
qwen3-8b,SY_raw,SY_raw,--,2,0.08935476034880888,0.07024622682619261,0.10846329387142514,209
qwen3-8b,SY_esco,SY,esco,0,-0.03352141660087253,-0.03912809434722982,-0.027914738854515238,254
qwen3-8b,SY_esco,SY,esco,1,0.08096143286722762,0.06153717536766907,0.10038569036678618,239
qwen3-8b,SY_esco,SY,esco,2,0.16296245755586689,0.13927891328774278,0.186646001823991,209
qwen3-8b,KB_neighbor_esco,KB_neighbor,esco,0,-0.05104283472704325,-0.057761700921390255,-0.04432396853269624,254
qwen3-8b,KB_neighbor_esco,KB_neighbor,esco,1,0.14161292415647703,0.11887659670036974,0.16434925161258432,239
qwen3-8b,KB_neighbor_esco,KB_neighbor,esco,2,0.232187763940744,0.2070614904427708,0.25731403743871717,209
qwen3-8b,KB_hop_esco,KB_hop,esco,0,-0.047606702739019055,-0.054144315209034455,-0.041069090269003655,254
qwen3-8b,KB_hop_esco,KB_hop,esco,1,0.12985711912844075,0.10648177822643841,0.1532324600304431,239
qwen3-8b,KB_hop_esco,KB_hop,esco,2,0.23292455842463963,0.20945961509062583,0.25638950175865344,209
qwen3-8b,Transformer_esco,Transformer,esco,0,-0.057576956942911386,-0.06467141071675364,-0.050482503169069125,254
qwen3-8b,Transformer_esco,Transformer,esco,1,0.15412637890760555,0.1304265576682228,0.1778262001469883,239
qwen3-8b,Transformer_esco,Transformer,esco,2,0.26135487990202394,0.23816445971191236,0.2845453000921355,209
qwen3-8b,SY_onet,SY,onet,0,-0.03188286236883956,-0.037349595429127976,-0.02641612930855115,254
qwen3-8b,SY_onet,SY,onet,1,0.06496945413507611,0.04756415061470799,0.08237475765544423,239
qwen3-8b,SY_onet,SY,onet,2,0.1535933444601752,0.12991213582007738,0.177274553100273,209
qwen3-8b,KB_neighbor_onet,KB_neighbor,onet,0,-0.04367374971508396,-0.04978929061525721,-0.03755820881491071,254
qwen3-8b,KB_neighbor_onet,KB_neighbor,onet,1,0.11497238269785993,0.09268999805280373,0.13725476734291614,239
qwen3-8b,KB_neighbor_onet,KB_neighbor,onet,2,0.20888886397155965,0.1832946884202404,0.23448303952287888,209
qwen3-8b,KB_hop_onet,KB_hop,onet,0,-0.04876695738561763,-0.05548696330832266,-0.042046951462912596,254
qwen3-8b,KB_hop_onet,KB_hop,onet,1,0.12488781469312943,0.10246500921738126,0.14731062016887758,239
qwen3-8b,KB_hop_onet,KB_hop,onet,2,0.22181148813463597,0.19419617893624241,0.24942679733302953,209
qwen3-8b,Transformer_onet,Transformer,onet,0,-0.05334056434100413,-0.06031737197346786,-0.04636375670854039,254
qwen3-8b,Transformer_onet,Transformer,onet,1,0.136610480287415,0.11367443721311797,0.15954652336171202,239
qwen3-8b,Transformer_onet,Transformer,onet,2,0.2536601738916647,0.22798064608168633,0.279339701701643,209
qwen3-8b,Transformer_raw,Transformer_raw,--,0,-0.0592957375961069,-0.06636305296111725,-0.052228422231096555,254
qwen3-8b,Transformer_raw,Transformer_raw,--,1,0.15753973612450606,0.135387520028193,0.17969195222081913,239
qwen3-8b,Transformer_raw,Transformer_raw,--,2,0.26553650865458805,0.24153429648044103,0.2895387208287351,209
qwen3-14b,Placebo,Placebo,--,0,0.003876652745875149,0.002053617226987603,0.005699688264762695,254
qwen3-14b,Placebo,Placebo,--,1,-0.011151503750392382,-0.01840891046055356,-0.003894097040231202,246
qwen3-14b,Placebo,Placebo,--,2,-0.008785629474257813,-0.018725413693798647,0.0011541547452830203,190
qwen3-14b,SY_raw,SY_raw,--,0,-0.039781496246912566,-0.04828796480269089,-0.031275027691134244,254
qwen3-14b,SY_raw,SY_raw,--,1,0.050629206822459076,0.03636229290598108,0.06489612073893708,246
qwen3-14b,SY_raw,SY_raw,--,2,0.09790113146262286,0.06791259500729817,0.12788966791794756,190
qwen3-14b,SY_esco,SY,esco,0,-0.05308087554077891,-0.06168973765547153,-0.04447201342608628,254
qwen3-14b,SY_esco,SY,esco,1,0.07471259589663186,0.057870681595024204,0.09155451019823951,246
qwen3-14b,SY_esco,SY,esco,2,0.20275086698695235,0.17394036790440032,0.2315613660695044,190
qwen3-14b,KB_neighbor_esco,KB_neighbor,esco,0,-0.07254430873466129,-0.08229979279350795,-0.06278882467581463,254
qwen3-14b,KB_neighbor_esco,KB_neighbor,esco,1,0.11885931810367553,0.09861206206803108,0.13910657413931998,246
qwen3-14b,KB_neighbor_esco,KB_neighbor,esco,2,0.24527215948872935,0.21643461724645768,0.274109701731001,190
qwen3-14b,KB_hop_esco,KB_hop,esco,0,-0.0685923232372326,-0.07798920014417673,-0.059195446330288476,254
qwen3-14b,KB_hop_esco,KB_hop,esco,1,0.11114278760599208,0.09132675538488924,0.13095881982709492,246
qwen3-14b,KB_hop_esco,KB_hop,esco,2,0.2520118095516524,0.22386050620445522,0.28016311289884965,190
qwen3-14b,Transformer_esco,Transformer,esco,0,-0.08179727668579591,-0.09195533537880882,-0.071639217992783,254
qwen3-14b,Transformer_esco,Transformer,esco,1,0.12809364066509993,0.10780715895766309,0.14838012237253675,246
qwen3-14b,Transformer_esco,Transformer,esco,2,0.2809979665921191,0.25445795614650507,0.30753797703773317,190
qwen3-14b,SY_onet,SY,onet,0,-0.047862049106852454,-0.055824649598730215,-0.03989944861497469,254
qwen3-14b,SY_onet,SY,onet,1,0.0658793782412578,0.05051977847701959,0.081238978005496,246
qwen3-14b,SY_onet,SY,onet,2,0.16783826183624934,0.13840673385964158,0.1972697898128571,190
qwen3-14b,KB_neighbor_onet,KB_neighbor,onet,0,-0.06390325258916822,-0.07258889591936575,-0.05521760925897069,254
qwen3-14b,KB_neighbor_onet,KB_neighbor,onet,1,0.11624119845155782,0.09730987646916453,0.13517252043395112,246
qwen3-14b,KB_neighbor_onet,KB_neighbor,onet,2,0.23222588367378888,0.20389716980110947,0.26055459754646826,190
qwen3-14b,KB_hop_onet,KB_hop,onet,0,-0.0675784905805256,-0.07690701952581404,-0.05824996163523717,254
qwen3-14b,KB_hop_onet,KB_hop,onet,1,0.10052817026464451,0.08200586499585716,0.11905047553343187,246
qwen3-14b,KB_hop_onet,KB_hop,onet,2,0.2356299816200665,0.20636291891903424,0.26489704432109873,190
qwen3-14b,Transformer_onet,Transformer,onet,0,-0.07682869994785747,-0.08660423897717172,-0.06705316091854323,254
qwen3-14b,Transformer_onet,Transformer,onet,1,0.12420679660934104,0.1052166007068967,0.1431969925117854,246
qwen3-14b,Transformer_onet,Transformer,onet,2,0.2693252060185367,0.24061900369685138,0.29803140834022207,190
qwen3-14b,Transformer_raw,Transformer_raw,--,0,-0.08652364477206823,-0.09661119163738215,-0.0764360979067543,254
qwen3-14b,Transformer_raw,Transformer_raw,--,1,0.14082689555153016,0.12012716338310342,0.1615266277199569,246
qwen3-14b,Transformer_raw,Transformer_raw,--,2,0.29342393328199107,0.26576058763492943,0.3210872789290527,190
ministral-3-14b,Placebo,Placebo,--,0,0.0033339452317161992,0.0023571694870404233,0.004310720976391975,254
ministral-3-14b,Placebo,Placebo,--,1,-0.00671479423837716,-0.01239010039248635,-0.0010394880842679692,230
ministral-3-14b,Placebo,Placebo,--,2,-0.02799103261120063,-0.03620655630566555,-0.01977550891673571,194
ministral-3-14b,SY_raw,SY_raw,--,0,-0.020876923521353737,-0.025924501941755173,-0.0158293451009523,254
ministral-3-14b,SY_raw,SY_raw,--,1,0.057278688260091,0.03941698279973343,0.07514039372044856,230
ministral-3-14b,SY_raw,SY_raw,--,2,0.07724252053450792,0.057245839105071444,0.0972392019639444,194
ministral-3-14b,SY_esco,SY,esco,0,-0.02810580792667817,-0.03350599715700372,-0.022705618696352625,254
ministral-3-14b,SY_esco,SY,esco,1,0.09470918923617157,0.070628907405379,0.11878947106696414,230
ministral-3-14b,SY_esco,SY,esco,2,0.13899913965637967,0.11700781801191731,0.16099046130084202,194
ministral-3-14b,KB_neighbor_esco,KB_neighbor,esco,0,-0.03754059282831869,-0.043285774123885304,-0.031795411532752074,254
ministral-3-14b,KB_neighbor_esco,KB_neighbor,esco,1,0.14851126325288422,0.12234807344251489,0.17467445306325355,230
ministral-3-14b,KB_neighbor_esco,KB_neighbor,esco,2,0.19169120838020434,0.16787108650240737,0.21551133025800132,194
ministral-3-14b,KB_hop_esco,KB_hop,esco,0,-0.03469683934856842,-0.040392263632003884,-0.02900141506513295,254
ministral-3-14b,KB_hop_esco,KB_hop,esco,1,0.14239780130514515,0.11610073753225655,0.16869486507803375,230
ministral-3-14b,KB_hop_esco,KB_hop,esco,2,0.1790086599870821,0.15514102487503698,0.20287629509912722,194
ministral-3-14b,Transformer_esco,Transformer,esco,0,-0.04295554161112801,-0.049179317698854044,-0.036731765523401974,254
ministral-3-14b,Transformer_esco,Transformer,esco,1,0.17866532027075738,0.15193396394081782,0.20539667660069694,230
ministral-3-14b,Transformer_esco,Transformer,esco,2,0.21481213851131656,0.19257134733097067,0.23705292969166245,194
ministral-3-14b,SY_onet,SY,onet,0,-0.02552646204770248,-0.03065155403511608,-0.02040137006028888,254
ministral-3-14b,SY_onet,SY,onet,1,0.09663488118102716,0.073154327308532,0.12011543505352232,230
ministral-3-14b,SY_onet,SY,onet,2,0.11961727408776965,0.09577418168028892,0.14346036649525037,194
ministral-3-14b,KB_neighbor_onet,KB_neighbor,onet,0,-0.02974107512155676,-0.03515351113976557,-0.02432863910334795,254
ministral-3-14b,KB_neighbor_onet,KB_neighbor,onet,1,0.13276148807304547,0.10689861116753936,0.1586243649785516,230
ministral-3-14b,KB_neighbor_onet,KB_neighbor,onet,2,0.15781025267585563,0.13093199937848285,0.18468850597322842,194
ministral-3-14b,KB_hop_onet,KB_hop,onet,0,-0.03666603129384157,-0.042792173457231616,-0.030539889130451525,254
ministral-3-14b,KB_hop_onet,KB_hop,onet,1,0.1436287482559301,0.11672280325174,0.17053469326012022,230
ministral-3-14b,KB_hop_onet,KB_hop,onet,2,0.17620102264357412,0.15140816934507748,0.20099387594207077,194
ministral-3-14b,Transformer_onet,Transformer,onet,0,-0.039606738855241304,-0.04579620430714209,-0.03341727340334052,254
ministral-3-14b,Transformer_onet,Transformer,onet,1,0.1608944873594524,0.13256103121935572,0.18922794349954905,230
ministral-3-14b,Transformer_onet,Transformer,onet,2,0.1977533923501982,0.17336600726499496,0.22214077743540145,194
ministral-3-14b,Transformer_raw,Transformer_raw,--,0,-0.043132807487780395,-0.049282946179463875,-0.036982668796096914,254
ministral-3-14b,Transformer_raw,Transformer_raw,--,1,0.1815618046341725,0.15290835885182372,0.2102152504165213,230
ministral-3-14b,Transformer_raw,Transformer_raw,--,2,0.21593984647211092,0.1915466377180643,0.24033305522615755,194
